n_palabras,tiempo
100000.0,1.699608564376831
300000.0,4.7534613609313965
500000.0,8.221014499664307
700000.0,10.15746545791626
900000.0,14.60391902923584
