n_palabras,tiempo
100000.0,1.187746286392212
300000.0,5.109918832778931
500000.0,7.5543882846832275
700000.0,11.85925579071045
900000.0,14.148844957351685
